{
    "bkkAirport": [
    [ 100.7451869, 13.7164345 ],
    [ 100.726819, 13.674072 ],
    [ 100.7221842, 13.6533883 ],
    [ 100.7558299, 13.6480503 ],
    [ 100.7645847, 13.6782419 ],
    [ 100.7784894, 13.7020921 ],
    [ 100.782266, 13.7045938 ],
    [ 100.7832959, 13.7085963 ],
    [ 100.781751, 13.7110979 ],
    [ 100.7818797, 13.7160489 ],
    [ 100.7819334, 13.7162365 ],
    [ 100.7775184, 13.7162 ],
    [ 100.7730713, 13.7161114 ],
    [ 100.7701208, 13.7159342 ],
    [ 100.7664516, 13.7154444 ],
    [ 100.7638338, 13.7163824 ],
    [ 100.7451869, 13.7164345 ]
    ],
    "bangkokBKK": [
    [ 100.7888594, 13.6958614 ],
    [ 100.7943525, 13.7285481 ],
    [ 100.7913697, 13.7319261 ],
    [ 100.7660603, 13.7313227 ],
    [ 100.7610928, 13.7299679 ],
    [ 100.7614146, 13.7371795 ],
    [ 100.7460026, 13.7388991 ],
    [ 100.724153, 13.7365329 ],
    [ 100.7094706, 13.7379183 ],
    [ 100.7085245, 13.7234778 ],
    [ 100.7250013, 13.7240456 ],
    [ 100.7109251, 13.6548299 ],
    [ 100.73513, 13.6474914 ],
    [ 100.7489485, 13.6435709 ],
    [ 100.7569257, 13.6445365 ],
    [ 100.7648268, 13.6766809 ],
    [ 100.7781344, 13.6985278 ],
    [ 100.7888594, 13.6958614 ],
    [ 100.7797613, 13.7011983 ],
    [ 100.7825079, 13.7033664 ],
    [ 100.7820192, 13.7164762 ],
    [ 100.7779958, 13.716247 ],
    [ 100.7730284, 13.7163094 ],
    [ 100.7700887, 13.7161011 ],
    [ 100.7666018, 13.7154445 ],
    [ 100.763823, 13.7164763 ],
    [ 100.7451762, 13.7164345 ],
    [ 100.7368094, 13.7177889 ],
    [ 100.7410549, 13.7170609 ],
    [ 100.7447531, 13.7163745 ],
    [ 100.726203, 13.6756801 ],
    [ 100.7244004, 13.664421 ],
    [ 100.7222118, 13.6537456 ],
    [ 100.7396572, 13.6503265 ],
    [ 100.7560291, 13.6477404 ],
    [ 100.7648268, 13.6766809 ],
    [ 100.7776975, 13.6986364 ],
    [ 100.7781344, 13.6985278 ],
    [ 100.7797613, 13.7011983 ]
    ],
    "dmkAirport": [
    [ 100.6085267, 13.9320006 ],
    [ 100.5907598, 13.8998007 ],
    [ 100.5952659, 13.8994674 ],
    [ 100.600759, 13.8966762 ],
    [ 100.5991712, 13.89426 ],
    [ 100.6201997, 13.9260858 ],
    [ 100.6085267, 13.9320006 ]
    ],
    "bangkokDMK": [
    [ 100.6085267, 13.9320006 ],
    [ 100.6100717, 13.9460367 ],
    [ 100.5733361, 13.9546165 ],
    [ 100.5604615, 13.9102146 ],
    [ 100.589129, 13.898717 ],
    [ 100.6085267, 13.9320006 ]
    ],
    "bangkokA": [
    [ 100.6840484, 13.6353292 ],
    [ 100.7038512, 13.656862 ],
    [ 100.7107177, 13.7809345 ],
    [ 100.6966414, 13.8380038 ],
    [ 100.6581533, 13.855363 ],
    [ 100.6029144, 13.7971058 ],
    [ 100.5167044, 13.7980226 ],
    [ 100.5010804, 13.7803399 ],
    [ 100.4943385, 13.7644286 ],
    [ 100.4885492, 13.7591654 ],
    [ 100.4871287, 13.7507562 ],
    [ 100.4912957, 13.7418243 ],
    [ 100.4981151, 13.738417 ],
    [ 100.506269, 13.7371664 ],
    [ 100.5118093, 13.7320693 ],
    [ 100.5130496, 13.7234924 ],
    [ 100.5111613, 13.7155711 ],
    [ 100.5036941, 13.707733 ],
    [ 100.4937377, 13.7022295 ],
    [ 100.4892745, 13.6943909 ],
    [ 100.4995742, 13.6850509 ],
    [ 100.5213752, 13.6798804 ],
    [ 100.5337348, 13.6700395 ],
    [ 100.5474677, 13.6713739 ],
    [ 100.5524459, 13.6808812 ],
    [ 100.5517592, 13.6997278 ],
    [ 100.5558791, 13.7058985 ],
    [ 100.5672088, 13.7050646 ],
    [ 100.57974, 13.6993942 ],
    [ 100.5883231, 13.6908884 ],
    [ 100.5888381, 13.6783793 ],
    [ 100.5756202, 13.6633675 ],
    [ 100.6014165, 13.6606876 ],
    [ 100.6276284, 13.6640888 ],
    [ 100.6840484, 13.6353292 ]
    ],
    "bangkokB": [
    [ 100.4881189, 13.7590784 ],
    [ 100.4865096, 13.7639345 ],
    [ 100.483248, 13.7623505 ],
    [ 100.4846213, 13.7427586 ],
    [ 100.4961226, 13.7329203 ],
    [ 100.5059073, 13.7221644 ],
    [ 100.4974101, 13.7137428 ],
    [ 100.4885695, 13.7091566 ],
    [ 100.4849647, 13.6906443 ],
    [ 100.5074523, 13.6789691 ],
    [ 100.5282233, 13.6666262 ],
    [ 100.5332015, 13.6682942 ],
    [ 100.5174087, 13.6826386 ],
    [ 100.4986332, 13.6857241 ],
    [ 100.4949639, 13.6881425 ],
    [ 100.4896424, 13.6943552 ],
    [ 100.4936979, 13.7030694 ],
    [ 100.5025599, 13.7074472 ],
    [ 100.5108855, 13.7157231 ],
    [ 100.5118297, 13.719788 ],
    [ 100.5127094, 13.7245616 ],
    [ 100.5114863, 13.7317322 ],
    [ 100.5090187, 13.734567 ],
    [ 100.5061863, 13.7370266 ],
    [ 100.4983757, 13.738298 ],
    [ 100.4961656, 13.7391943 ],
    [ 100.4912957, 13.7418243 ],
    [ 100.4894064, 13.7455933 ],
    [ 100.4871287, 13.7507562 ],
    [ 100.4881189, 13.7590784 ]
    ],
    "chachoengsao": [
    [ 101.1120605, 13.8195026 ],
    [ 101.0090637, 13.8381714 ],
    [ 100.9225464, 13.6340673 ],
    [ 101.1875915, 13.5099176 ],
    [ 101.3743591, 13.7154634 ],
    [ 101.1120605, 13.8195026 ]
    ],
    "bangpakong": [
    [ 100.8339691, 13.7204349 ],
    [ 100.7920837, 13.6246935 ],
    [ 100.7797241, 13.4978682 ],
    [ 100.9390259, 13.4718273 ],
    [ 100.9836578, 13.5098861 ],
    [ 100.9960174, 13.491859 ],
    [ 101.0928316, 13.4918639 ],
    [ 101.1141205, 13.5212358 ],
    [ 100.9129333, 13.6340358 ],
    [ 100.9376598, 13.6859116 ],
    [ 100.8339691, 13.7204349 ]
    ],
    "pattayaS": [
    [ 100.9939575, 13.4831788 ],
    [ 100.9040069, 13.3676353 ],
    [ 100.8950805, 13.1256835 ],
    [ 100.914309, 13.0705135 ],
    [ 100.9273582, 13.0174959 ],
    [ 100.9857178, 12.9878915 ],
    [ 101.0166168, 13.2961442 ],
    [ 101.1010742, 13.4858497 ],
    [ 100.9939575, 13.4831788 ]
    ],
    "laemChabangPort": [
    [ 100.8776569, 13.0739369 ],
    [ 100.8880639, 13.036186 ],
    [ 100.9129548, 13.0407013 ],
    [ 100.9121823, 13.050986 ],
    [ 100.9019685, 13.0811687 ],
    [ 100.8776569, 13.0739369 ]
    ],
    "pattayaA": [
    [ 100.930236, 13.0097584 ],
    [ 100.8751443, 12.9814848 ],
    [ 100.8432153, 12.9269475 ],
    [ 100.8902354, 12.8607689 ],
    [ 100.9110064, 12.8686031 ],
    [ 100.9467584, 12.8603966 ],
    [ 100.9784728, 12.868555 ],
    [ 100.9786429, 12.8789296 ],
    [ 100.9997999, 12.907251 ],
    [ 101.0111519, 12.9077742 ],
    [ 101.0116782, 12.9112986 ],
    [ 101.0070545, 12.9151576 ],
    [ 100.9896308, 12.9629225 ],
    [ 100.930236, 13.0097584 ]
    ],
    "pattayaB": [
    [ 100.8902354, 12.8607689 ],
    [ 100.9014443, 12.8233935 ],
    [ 100.9122354, 12.8246206 ],
    [ 100.9201085, 12.8260984 ],
    [ 100.9835081, 12.8417421 ],
    [ 101.0203422, 12.9082019 ],
    [ 101.0230696, 12.9136519 ],
    [ 101.0039954, 12.9264635 ],
    [ 101.0034651, 12.9261646 ],
    [ 101.0070545, 12.9151576 ],
    [ 101.0122157, 12.9113334 ],
    [ 101.0116813, 12.907246 ],
    [ 100.9992439, 12.9062896 ],
    [ 100.9797501, 12.8786729 ],
    [ 100.9800178, 12.8678856 ],
    [ 100.9503209, 12.8593207 ],
    [ 100.9110064, 12.8686031 ],
    [ 100.8902354, 12.8607689 ]
    ],
    "pattayaD": [
    [ 100.8733738, 12.755073 ],
    [ 100.8823002, 12.6726864 ],
    [ 100.952338, 12.6562729 ],
    [ 100.9894169, 12.6834049 ],
    [ 100.9901035, 12.7004865 ],
    [ 100.9907902, 12.7091944 ],
    [ 100.9842671, 12.7376602 ],
    [ 101.0601962, 12.8589626 ],
    [ 101.0469462, 12.8739719 ],
    [ 100.9899318, 12.8310727 ],
    [ 100.9856403, 12.8213647 ],
    [ 100.9767342, 12.7902955 ],
    [ 100.9674758, 12.7812886 ],
    [ 100.9475743, 12.7759636 ],
    [ 100.9248292, 12.7758799 ],
    [ 100.9184011, 12.763898 ],
    [ 100.9133473, 12.7589481 ],
    [ 100.9040622, 12.7502318 ],
    [ 100.8733738, 12.755073 ]
    ],
    "pattayaE": [
    [ 100.9971416, 12.6948765 ],
    [ 100.9874428, 12.681479 ],
    [ 100.9834087, 12.6630562 ],
    [ 100.9984291, 12.6581153 ],
    [ 101.0067547, 12.6640611 ],
    [ 101.0160244, 12.692532 ],
    [ 100.9971416, 12.6948765 ]
    ],